<?xml version='1.0' encoding='utf-8' standalone='yes' ?>
<map>
    <int name="quoted_text_picker" value="-11579569" />
    <int name="tittle_size" value="19" />
    <boolean name="disable_hiddenchat_access" value="false" />
    <boolean name="my_statusd" value="true" />
    <int name="RcTargetColor" value="-1644826" />
    <boolean name="imsHideVStatus" value="false" />
    <boolean name="HazarGorulmeyenHikaye_Gactive" value="false" />
    <boolean name="date_bubble_color_picker_Gactive" value="false" />
    <boolean name="Conv_call_btn" value="false" />
    <boolean name="ModFabTextColor_Gactive" value="false" />
    <int name="AeroMenuMetin" value="-16777216" />
    <boolean name="RcSeenColor_Gactive" value="false" />
    <string name="aero_ikondegistir_silinenmesaj">0</string>
    <boolean name="isSwipeEnabled" value="false" />
    <int name="aero_isim_rengi" value="-15895057" />
    <boolean name="hiden_fab" value="true" />
    <boolean name="HomeBarText_Gactive" value="false" />
    <int name="AerosayiRenk" value="-15895057" />
    <int name="ConvoBack" value="-1" />
    <boolean name="onlinechat" value="false" />
    <boolean name="enable_fivminstatus" value="false" />
    <int name="AeroDaireUc" value="-7303024" />
    <string name="convostyle">1</string>
    <boolean name="ModFabBgColor_Gactive" value="false" />
    <int name="HomeCounterBK" value="-1110771" />
    <int name="ModChatBubbleTextLeft" value="-16777216" />
    <int name="rcChatsColor" value="-180686" />
    <int name="ModChatColor_GC" value="-2845953" />
    <boolean name="enable_grp_separationV2" value="true" />
    <int name="quoted_divider_picker" value="1896707567" />
    <int name="ItemIcon" value="-15704600" />
    <boolean name="FORESTVID_payment_method" value="false" />
    <int name="RcSeenColor" value="-6842473" />
    <int name="ModFabTextColor" value="-1" />
    <int name="rcEmojiColor" value="-15895057" />
    <int name="border_poto" value="-1" />
    <boolean name="ModConTextColor_Gactive" value="false" />
    <boolean name="group_mypicV2" value="false" />
    <int name="SearchViw" value="-1776153" />
    <boolean name="yo_hideinfo" value="true" />
    <boolean name="attachChat_Gactive" value="false" />
    <boolean name="ItemIcon_Gactive" value="false" />
    <int name="RcUnSeenColor" value="-15704600" />
    <string name="aero_ikondegistir_alttab1">0</string>
    <string name="aero_ikondegistir_alttab2">83</string>
    <boolean name="tabadgeBKColor_Gactive" value="false" />
    <int name="ModFabBgColor" value="359423" />
    <int name="AeroDaireiki" value="-7303024" />
    <boolean name="onlineDotchat" value="false" />
    <boolean name="sekmeleri_gizle" value="false" />
    <boolean name="AeroMenuArkaplan_Gactive" value="false" />
    <int name="ModlastseenColor" value="-15895057" />
    <boolean name="Hide_contact_picker_section_frequent_chats" value="false" />
    <boolean name="status_wantsendconfirmation" value="false" />
    <int name="ModDarkConPickColorNav" value="-394759" />
    <int name="aeroHazarBarRenk" value="-15895057" />
    <string name="font">Default</string>
    <boolean name="statuschat" value="true" />
    <int name="AerosohbetlerRenk" value="-15895057" />
    <int name="NonAktifTab" value="-15895057" />
    <boolean name="HomeBarBar_Gactive" value="false" />
    <boolean name="FORESTDOC_payment_method" value="false" />
    <boolean name="ItemSearch_Gactive" value="false" />
    <boolean name="ModDarkConPickColorNav_Gactive" value="false" />
    <int name="ModChatColor" value="-657931" />
    <boolean name="AeroMenuikonlar_Gactive" value="false" />
    <boolean name="HomeCounterBK_Gactive" value="false" />
    <boolean name="DrawerText_Gactive" value="false" />
    <int name="ModConBackColor_GC" value="-16611119" />
    <string name="aero_hazar_elegantmod">0</string>
    <string name="AeroHikayeTasarim">0</string>
    <boolean name="FORESTCAT_payment_method" value="false" />
    <int name="rcText2" value="-16053493" />
    <boolean name="chat_icon_bg_forward_picker_Gactive" value="false" />
    <boolean name="adv" value="false" />
    <boolean name="date_right_color_Gactive" value="false" />
    <int name="BkHeader" value="16448250" />
    <boolean name="SohbetFabGizle" value="true" />
    <boolean name="hide_fab" value="true" />
    <boolean name="status_ch_Gactive" value="false" />
    <string name="aero_ikondegistir_yenidurum1">0</string>
    <boolean name="ModChatGStatusT_Gactive" value="false" />
    <string name="aero_ikondegistir_yenidurum2">5</string>
    <int name="ModConBackColor_GCDir" value="3" />
    <boolean name="aero_hikaye_bildirimi" value="false" />
    <int name="RcBkTabs" value="-1" />
    <string name="ui_bottom_style">ios</string>
    <boolean name="my_name" value="false" />
    <boolean name="TxtSelect" value="false" />
    <int name="pagetitle_picker" value="-8684677" />
    <int name="ModFabColor" value="-526345" />
    <int name="ModChatDarkColor" value="-657931" />
    <int name="AramaArkaPlani" value="-723724" />
    <int name="rcStickerBk" value="-328964" />
    <boolean name="FORESTINV_payment_method" value="false" />
    <string name="aero_ikondegistir_gecemod">0</string>
    <boolean name="hide_action_a" value="false" />
    <boolean name="hide_action_b" value="false" />
    <boolean name="ConvoBack_Gactive" value="false" />
    <boolean name="quoted_text_picker_Gactive" value="false" />
    <string name="hazar_bozkurt_arama_fix">0</string>
    <boolean name="length10" value="false" />
    <string name="home">91</string>
    <boolean name="RcTargetColor_Gactive" value="false" />
    <string name="aero_pro_stil_fix">1</string>
    <boolean name="AeroAyarlarArkaplan_Gactive" value="false" />
    <boolean name="statuses_bar_text_picker_Gactive" value="false" />
    <int name="ConvoBack_GCDir" value="2" />
    <boolean name="rcEmojiColor_Gactive" value="false" />
    <int name="text_size_pick" value="15" />
    <int name="HikayeArkaplan" value="-1" />
    <int name="AeroMenuikonlar" value="-15895057" />
    <boolean name="rc_Bkunseen_Gactive" value="false" />
    <int name="ItemText" value="-7039852" />
    <boolean name="Forest0ContactLag" value="false" />
    <boolean name="rcStickerBk_Gactive" value="false" />
    <boolean name="quoted_bg_picker_Gactive" value="false" />
    <int name="chats_row_divider_picker" value="-1701801840" />
    <int name="qstext" value="-15895057" />
    <int name="ModFabNormalColor" value="-15895057" />
    <boolean name="AramaArkaPlani_Gactive" value="false" />
    <boolean name="hide_action_l" value="false" />
    <boolean name="hide_action_m" value="false" />
    <boolean name="ather_mention" value="false" />
    <boolean name="BkItem_Gactive" value="false" />
    <int name="UnSeenColor" value="-15895057" />
    <string name="hazar_bozkurt_sesler_seskayitbasla">0</string>
    <boolean name="AeroMenuisim_Gactive" value="false" />
    <boolean name="NonAktifTab_Gactive" value="false" />
    <int name="rcname_color" value="-16579837" />
    <int name="ModConDarkColor" value="-657931" />
    <int name="date_right_color" value="-16777216" />
    <boolean name="olagctt" value="false" />
    <boolean name="emojipopup_body_Gactive" value="false" />
    <boolean name="NameProf" value="false" />
    <boolean name="FORESTMES_payment_method" value="false" />
    <boolean name="ModChaSendBKColor_Gactive" value="false" />
    <boolean name="AeroDaireUc_Gactive" value="false" />
    <boolean name="pagetitle_sel_picker_Gactive" value="false" />
    <int name="rc_emox" value="-6184543" />
    <int name="chats_date_color_picker" value="-9537922" />
    <int name="ModDarkConPickColor" value="-657931" />
    <boolean name="chat_mypicV2" value="false" />
    <int name="ModConTextColor" value="-11382190" />
    <boolean name="chats_date_pending_color_picker_Gactive" value="false" />
    <boolean name="date_divider_color_picker_Gactive" value="false" />
    <int name="rc_Bkunseen" value="-2617269" />
    <string name="hazar_bozkurt_sesler_seskayitdurdur">0</string>
    <boolean name="SeenColor_Gactive" value="false" />
    <boolean name="btn_voice_color_chat_picker_Gactive" value="false" />
    <boolean name="rcAttachTx_Gactive" value="false" />
    <int name="mention_color_chat_picker" value="-15895057" />
    <int name="ModChatBtnColor" value="-15895057" />
    <boolean name="ModChatLeftBubble_Gactive" value="false" />
    <boolean name="AeroMenuKategori_Gactive" value="false" />
    <boolean name="AeroMenuMetin_Gactive" value="false" />
    <int name="ModChatColor_GCDir" value="4" />
    <string name="pic_startlocation">1</string>
    <boolean name="AttBt" value="false" />
    <boolean name="rcname_color_Gactive" value="false" />
    <boolean name="AeroAyarlarisim_Gactive" value="false" />
    <boolean name="RcTextTab_Gactive" value="false" />
    <string name="aero_ikondegistir_yeniaramalar1">0</string>
    <string name="aero_ikondegistir_yeniaramalar2">6</string>
    <boolean name="ModDarkConPickColor_Gactive" value="false" />
    <boolean name="ModChatBubbleText_Gactive" value="false" />
    <int name="date_bubble_color_picker" value="-526345" />
    <int name="seekbar_color_chat_picker" value="-15895057" />
    <int name="ModFabPressedColor" value="-526345" />
    <int name="message_link_color_picker" value="-12698050" />
    <boolean name="status_nw_Gactive" value="false" />
    <int name="statuses_bar_bg_picker" value="-1381654" />
    <boolean name="emojipopup_icons_Gactive" value="false" />
    <int name="emojipopup_header" value="-526345" />
    <int name="ModChatGStatusB" value="-723724" />
    <int name="HomeBarText" value="-15895057" />
    <boolean name="imsHideRStatus" value="false" />
    <boolean name="tittle_bold" value="true" />
    <int name="ModChatGStatusT" value="-15895057" />
    <boolean name="chat_mypic" value="false" />
    <boolean name="FORESTPLA_payment_method" value="false" />
    <int name="rcAttachBk" value="-1" />
    <int name="statuses_bar_text_picker" value="-16579837" />
    <string name="forestStatuses">0</string>
    <boolean name="isSwipeEnabledV2" value="false" />
    <int name="status_nw" value="-15895057" />
    <boolean name="seekbar_color_chat_picker_Gactive" value="false" />
    <int name="emojipopup_body_GCDir" value="3" />
    <int name="HazarGorulenHikaye" value="-7829368" />
    <boolean name="enable_old" value="false" />
    <boolean name="AeroDaireiki_Gactive" value="false" />
    <int name="BkItem" value="-1" />
    <int name="DrawerText" value="-1" />
    <boolean name="HikayeArkaplan_Gactive" value="false" />
    <boolean name="AeroAyarlarMetinRengi_Gactive" value="false" />
    <boolean name="border_poto_Gactive" value="false" />
    <boolean name="yo_want_nightmode" value="true" />
    <string name="aero_ikondegistir_yenisohbet3">0</string>
    <boolean name="ModChatBubbleTextLeft_Gactive" value="false" />
    <string name="aero_ikondegistir_yenisohbet1">0</string>
    <boolean name="ModChatEntry_Gactive" value="false" />
    <boolean name="rcChatsColor_Gactive" value="false" />
    <string name="aero_ikondegistir_yenisohbet2">1</string>
    <int name="attachChat" value="-16777216" />
    <int name="rc_Txunseen" value="-1" />
    <boolean name="ModFabNormalColor_Gactive" value="false" />
    <boolean name="disable_newUI" value="true" />
    <int name="ModChatEntry" value="-1" />
    <boolean name="Audio_ears" value="false" />
    <string name="hazar_aero_giris_stilleri">4</string>
    <boolean name="UstMetinleriGizle" value="false" />
    <int name="square_photo_ratio_picker" value="100" />
    <boolean name="statuses_bar_bg_picker_Gactive" value="false" />
    <boolean name="group_participants_picV2" value="false" />
    <string name="hazar_bozkurt_sesler_gidenmesaj">0</string>
    <boolean name="ModChatBubbleHyperlinks_Gactive" value="false" />
    <boolean name="grpAdmin_enabled" value="true" />
    <int name="BadgePozisyonu" value="52" />
    <int name="ConvoBack_GC" value="-16445936" />
    <boolean name="ig_story_Gactive" value="false" />
    <boolean name="Forest" value="false" />
    <int name="ModConColor_GC" value="-2845953" />
    <int name="SeenColor" value="-7039852" />
    <string name="aero_ikondegistir_yeniaramalar3">0</string>
    <int name="ModOnlineColor" value="-15895057" />
    <string name="conversation_style_attach">0</string>
    <boolean name="h_vs_s" value="false" />
    <int name="ModChaSendBKColor" value="-526345" />
    <boolean name="RcBkTabs_Gactive" value="false" />
    <boolean name="ModContactNameColor_Gactive" value="false" />
    <string name="aero_toast_pozisyon">0</string>
    <int name="AeroMenuArkaplan" value="-1" />
    <boolean name="ItemText_Gactive" value="false" />
    <boolean name="newAttach_BottomDesign" value="false" />
    <int name="AeroMenuKategori" value="-16777216" />
    <int name="chat_icon_bg_forward_picker" value="-526345" />
    <boolean name="Hide_div" value="false" />
    <string name="hazar_bozkurt_hikaye_fix">0</string>
    <string name="AeroAyricaliklariTasarim">2</string>
    <int name="rcAttachIcon" value="-15895057" />
    <int name="ModFabText" value="-526345" />
    <int name="ig_story" value="-526345" />
    <boolean name="BkHeader_Gactive" value="false" />
    <int name="emojipopup_body_GC" value="-11718304" />
    <boolean name="Forestcrash" value="false" />
    <string name="ui_home_styleV2">1</string>
    <string name="ui_home_styleV3">ios</string>
    <int name="quoted_bg_picker_GCDir" value="2" />
    <boolean name="chat_contactpicV2" value="false" />
    <boolean name="chats_row_divider_picker_Gactive" value="false" />
    <int name="ModConBackColor" value="-1" />
    <boolean name="chats_date_color_picker_Gactive" value="false" />
    <int name="iOSSohbetlerRengi" value="-15895057" />
    <boolean name="Hide_contact_picker_section_recent_chats" value="false" />
    <int name="chats_date_pending_color_picker" value="-15895057" />
    <int name="AktifTab" value="-16777216" />
    <int name="HomeCounterText" value="-1" />
    <boolean name="AeroDaireBir_Gactive" value="false" />
    <boolean name="aero_son_rengi_Gactive" value="false" />
    <string name="ModFabBgPosX">1078</string>
    <string name="ModFabBgPosY">1917</string>
    <boolean name="ForestZap" value="false" />
    <boolean name="AerosayiRenk_Gactive" value="false" />
    <int name="BGColor" value="-657931" />
    <boolean name="rcMicColor_Gactive" value="false" />
    <boolean name="hiden_nav" value="false" />
    <boolean name="TabIcon_Gactive" value="false" />
    <boolean name="pagetitle_picker_Gactive" value="false" />
    <boolean name="want_status_toast" value="false" />
    <boolean name="quoted_divider_picker_Gactive" value="false" />
    <string name="aero_ikondegistir_yenisohbet">2</string>
    <string name="aero_ikondegistir_tabkamera">0</string>
    <boolean name="ModChaSendColor_Gactive" value="false" />
    <int name="ModChatEmojiColor" value="-15895057" />
    <boolean name="rcAttachBk_Gactive" value="false" />
    <int name="ModChaSendColor" value="-15895057" />
    <int name="pagetitle_sel_picker" value="-15895057" />
    <boolean name="enable_o1d" value="true" />
    <int name="tabadgeBKColor" value="-1110771" />
    <boolean name="emojipopup_header_Gactive" value="false" />
    <boolean name="home_imgBK" value="false" />
    <string name="yo_nicons">4</string>
    <boolean name="quoted_name_picker_Gactive" value="false" />
    <boolean name="custom_wall_profilepic" value="false" />
    <string name="hazar_bozkurt_aero_hizlikisiler">4</string>
    <boolean name="mention_color_chat_picker_Gactive" value="false" />
    <int name="iOSGrupYayinRenk" value="-16777216" />
    <boolean name="stkr_wantsendconfirmation" value="true" />
    <boolean name="AktifTab_Gactive" value="false" />
    <int name="tabadgeTextColor" value="-15895057" />
    <string name="ConvoEntry">28</string>
    <boolean name="rc_emox_Gactive" value="false" />
    <int name="cevronChat" value="-7039852" />
    <int name="ModConColor" value="-657931" />
    <boolean name="chats_show_contact_online_toast_check" value="true" />
    <string name="tick_style">ios</string>
    <boolean name="aero_hazar_anaekran_duzelt" value="false" />
    <int name="ModConPickColor_GC" value="-2845953" />
    <boolean name="RcUnSeenColor_Gactive" value="false" />
    <int name="tabindicator" value="16596530" />
    <boolean name="imsHideMStatus" value="false" />
    <boolean name="ModChatTextColor_Gactive" value="false" />
    <boolean name="group_participants_pic" value="false" />
    <int name="AeroMenuisim" value="-15895057" />
    <string name="AeroHikayeDuzenTasarim">0</string>
    <int name="BGColor_GC" value="-16777216" />
    <int name="rcText" value="-16777216" />
    <boolean name="AerosohbetlerRenk_Gactive" value="false" />
    <int name="pic_chat_size_picker" value="64" />
    <boolean name="rc_Txunseen_Gactive" value="false" />
    <boolean name="ModFabPressedColor_Gactive" value="false" />
    <string name="inconvo_trans_option">in-y</string>
    <boolean name="ForestLocation" value="false" />
    <int name="mention_color_chats_picker" value="-15895057" />
    <int name="HomeBarBar" value="-16777216" />
    <boolean name="ModConPickColor_Gactive" value="false" />
    <string name="HomeEntry">yousef</string>
    <string name="hazar_bozkurt_sesler_gelenmesaj">0</string>
    <int name="date_divider_color_picker" value="-16777216" />
    <int name="main_text" value="17" />
    <boolean name="ModChatRightBubble_Gactive" value="false" />
    <boolean name="ModConColor_Gactive" value="false" />
    <int name="ModChatBubbleText" value="-16777216" />
    <int name="rvkdmsg_icon_color" value="-15895057" />
    <string name="aero_hazar_hikaye_ekrani">0</string>
    <string name="hazar_bozkurt_sesler_gecis2">0</string>
    <boolean name="ModChatGStatusB_Gactive" value="false" />
    <string name="hazar_bozkurt_sesler_gecis1">0</string>
    <int name="AeroDaireBir" value="-7303024" />
    <boolean name="aeroHazarBarRenk_Gactive" value="false" />
    <int name="emojipopup_icons" value="-16777216" />
    <boolean name="iOSSohbetlerRengi_Gactive" value="false" />
    <int name="ModContactNameColor" value="-16579837" />
    <boolean name="Audio_sensor" value="true" />
    <int name="TabIcon" value="-16777216" />
    <boolean name="FORESTGIF_payment_method" value="false" />
    <boolean name="mention_color_chats_picker_Gactive" value="false" />
    <boolean name="rcAttachIcon_Gactive" value="false" />
    <boolean name="h_mvs_s" value="false" />
    <boolean name="tabadgeTextColor_Gactive" value="false" />
    <boolean name="BGColor_Gactive" value="false" />
    <boolean name="ModFabText_Gactive" value="false" />
    <int name="RcTextTab" value="-16777216" />
    <int name="emojipopup_body" value="-1" />
    <boolean name="ModChatEmojiColor_Gactive" value="false" />
    <boolean name="ModChatBtnColor_Gactive" value="false" />
    <int name="ModChatRightBubble" value="-2230328" />
    <boolean name="rcText_Gactive" value="false" />
    <int name="ModChatLeftBubble" value="-1" />
    <boolean name="start_bl" value="false" />
    <string name="aero_toast_sure">0</string>
    <boolean name="chat_icon_forward_picker_Gactive" value="false" />
    <int name="quoted_bg_picker_GC" value="-14997450" />
    <int name="AeroAyarlarMetinRengi" value="-13684945" />
    <boolean name="yo_want_airplanemode" value="true" />
    <boolean name="rc_home_profile" value="true" />
    <int name="status_ch" value="-16777216" />
    <boolean name="Archv_chats" value="false" />
    <int name="aero_son_rengi" value="-15895057" />
    <boolean name="ModOnlineColor_Gactive" value="false" />
    <boolean name="PicProf" value="false" />
    <int name="BGColor_GCDir" value="4" />
    <int name="rcAddColor" value="-15895057" />
    <int name="chat_icon_forward_picker" value="-15895057" />
    <boolean name="SifrelemeDogrulamaGizle" value="true" />
    <int name="ModConPickColor_GCDir" value="4" />
    <boolean name="Hla_kDoc" value="false" />
    <boolean name="hiden_group" value="false" />
    <string name="bubble_style">aerosohbetbaloncuk30</string>
    <boolean name="ModChatColor_Gactive" value="false" />
    <boolean name="cevronChat_Gactive" value="false" />
    <int name="HazarGorulmeyenHikaye" value="-15895057" />
    <boolean name="h_ms_s" value="false" />
    <boolean name="pic_inside" value="false" />
    <boolean name="HomeCounterText_Gactive" value="false" />
    <int name="AeroAyarlarArkaplan" value="-526345" />
    <int name="date_left_color" value="-16777216" />
    <int name="rcMicColor" value="-14588427" />
    <int name="ItemSearch" value="-1776153" />
    <int name="quoted_name_picker" value="-16777216" />
    <boolean name="message_link_color_picker_Gactive" value="false" />
    <string name="aero_ikondegistir_aramaikonu">2</string>
    <int name="AeroAyarlarisim" value="-16777216" />
    <boolean name="qstext_Gactive" value="false" />
    <boolean name="rcAddColor_Gactive" value="false" />
    <boolean name="tabindicator_Gactive" value="false" />
    <boolean name="Hide_contact_picker_section_other_contacts" value="false" />
    <int name="row_resizer" value="0" />
    <boolean name="enable_ig_stories" value="false" />
    <int name="ModConPickColor" value="-657931" />
    <boolean name="SearchViw_Gactive" value="false" />
    <string name="aero_gecis_efekti">0</string>
    <boolean name="el_Forest_contact" value="false" />
    <string name="key_story_view">0</string>
    <boolean name="Aero_AramaSimgesiGizle" value="false" />
    <boolean name="rcText2_Gactive" value="false" />
    <boolean name="group_mypic" value="false" />
    <boolean name="date_left_color_Gactive" value="false" />
    <boolean name="rvkdmsg_icon_color_Gactive" value="false" />
    <int name="ModConColor_GCDir" value="4" />
    <boolean name="UnSeenColor_Gactive" value="false" />
    <boolean name="ModConBackColor_Gactive" value="false" />
    <int name="pic_chat_size_pickerV2" value="10" />
    <boolean name="custom_wall" value="false" />
    <boolean name="aero_isim_rengi_Gactive" value="false" />
    <boolean name="elapsed_time" value="false" />
    <int name="rcAttachTx" value="-16777216" />
    <int name="btn_voice_color_chat_picker" value="-15895057" />
    <boolean name="ModlastseenColor_Gactive" value="false" />
    <int name="ModConPickBackColor" value="-772546634" />
    <int name="ModChatTextColor" value="-14540254" />
    <boolean name="ModFabColor_Gactive" value="false" />
    <boolean name="iOSGrupYayinRenk_Gactive" value="false" />
    <boolean name="FORESTAID_payment_method" value="false" />
    <boolean name="participant_name_color_picker_Gactive" value="false" />
    <boolean name="enable_grp_separation" value="true" />
    <boolean name="HazarGorulenHikaye_Gactive" value="false" />
    <boolean name="chat_contactpic" value="false" />
</map>
